{
  "metadata": {
    "dataset": "data/structural_hazard_dataset.json",
    "start": "20200101",
    "end": "20260624",
    "model": "logistic"
  },
  "split": {
    "train_end": "20241231",
    "train_observations": 1212,
    "test_observations": 350,
    "train_positive_rate": 0.132838,
    "test_positive_rate": 0.142857,
    "train_positive_count": 161,
    "test_positive_count": 50
  },
  "model": {
    "type": "logistic",
    "feature_names": [
      "trend",
      "breadth",
      "liquidity",
      "volatility",
      "pressure",
      "momentum_decay",
      "liquidity_acceleration",
      "volatility_shock",
      "regime_persistence",
      "regime_score",
      "confidence"
    ],
    "feature_means": [
      0.44791254125412533,
      0.39230198019801965,
      0.4334158415841581,
      0.6511138613861394,
      0.2981683168316827,
      -2.4752475247528874e-05,
      -0.0017244224422442228,
      1.0148869348184817,
      15.823432343234323,
      0.458787128712871,
      0.7967904290429034
    ],
    "feature_scales": [
      0.31107343525274644,
      0.18579700204706268,
      0.2259122657764563,
      0.1533175383432617,
      0.19103749580843488,
      0.1587604087110945,
      0.23118702149665518,
      0.24058907858353956,
      16.93172599928105,
      0.139313252810303,
      0.09588572152080375
    ],
    "coefficients": [
      -0.2761083174341827,
      0.21853042772875234,
      0.058170200481423226,
      0.2542432261081789,
      -0.298803358450748,
      -0.10556651930106992,
      0.3409028410925468,
      0.015279219213017371,
      0.390883020503476,
      -0.05811658817919986,
      -0.098432688491022
    ],
    "intercept": -0.2013930394165877,
    "training_loss": 0.6348167876673523,
    "learning_rate": 0.05,
    "epochs": 6000,
    "l2": 0.01,
    "class_weight": "balanced"
  }
}
