{
  "metadata": {
    "start": "20200101",
    "end": "20260624",
    "ts_code": "000001.SH",
    "horizons": [
      5,
      10,
      20
    ],
    "observations": 1567,
    "skipped": 0,
    "skipped_sample": [],
    "cache_only": false,
    "include_hsgt": false,
    "history_sample_size": 0,
    "output": "data/regime_forward_test.json"
  },
  "forward_returns": {
    "bull": {
      "observations": 59,
      "5d_count": 59,
      "5d_mean": 0.000604,
      "5d_median": -0.002456,
      "5d_win_rate": 0.423729,
      "5d_std": 0.032612,
      "10d_count": 59,
      "10d_mean": -0.000479,
      "10d_median": -0.001348,
      "10d_win_rate": 0.474576,
      "10d_std": 0.032874,
      "20d_count": 59,
      "20d_mean": 0.000659,
      "20d_median": -0.00173,
      "20d_win_rate": 0.491525,
      "20d_std": 0.039194
    },
    "bear": {
      "observations": 378,
      "5d_count": 378,
      "5d_mean": 0.003187,
      "5d_median": 0.003794,
      "5d_win_rate": 0.568783,
      "5d_std": 0.025044,
      "10d_count": 376,
      "10d_mean": 0.005618,
      "10d_median": 0.003679,
      "10d_win_rate": 0.555851,
      "10d_std": 0.038176,
      "20d_count": 375,
      "20d_mean": 0.006693,
      "20d_median": 0.003068,
      "20d_win_rate": 0.52,
      "20d_std": 0.050472
    },
    "range": {
      "observations": 307,
      "5d_count": 307,
      "5d_mean": 0.001388,
      "5d_median": 0.001279,
      "5d_win_rate": 0.540717,
      "5d_std": 0.022093,
      "10d_count": 306,
      "10d_mean": 0.003918,
      "10d_median": 0.004553,
      "10d_win_rate": 0.598039,
      "10d_std": 0.028113,
      "20d_count": 304,
      "20d_mean": 0.004065,
      "20d_median": 0.004623,
      "20d_win_rate": 0.565789,
      "20d_std": 0.037907
    },
    "transition": {
      "observations": 823,
      "5d_count": 818,
      "5d_mean": 0.000271,
      "5d_median": 0.000746,
      "5d_win_rate": 0.515892,
      "5d_std": 0.023545,
      "10d_count": 816,
      "10d_mean": 0.000357,
      "10d_median": 0.00013,
      "10d_win_rate": 0.502451,
      "10d_std": 0.031192,
      "20d_count": 809,
      "20d_mean": 0.004401,
      "20d_median": -0.000252,
      "20d_win_rate": 0.498146,
      "20d_std": 0.04152
    }
  },
  "predictive_score": {
    "regime_predictive_power": 0.486318,
    "baseline_ma_strategy": 0.472367,
    "baseline_always_bull": 0.52655,
    "baseline_random": 0.5,
    "regime_advantage": -0.040231,
    "regime_separation_score": 0.14931,
    "forward_return_gap": 0.005016,
    "horizons": {
      "5d": {
        "observations": 1562,
        "regime_model_samples": 1553,
        "regime_model": 0.497746,
        "always_bull": 0.53009,
        "ma_strategy": 0.46991,
        "random": 0.5,
        "regime_advantage": -0.032343,
        "regime_separation_score": 0.121128,
        "forward_return_gap": 0.002916
      },
      "10d": {
        "observations": 1557,
        "regime_model_samples": 1540,
        "regime_model": 0.48961,
        "always_bull": 0.533076,
        "ma_strategy": 0.469493,
        "random": 0.5,
        "regime_advantage": -0.043466,
        "regime_separation_score": 0.186964,
        "forward_return_gap": 0.006097
      },
      "20d": {
        "observations": 1547,
        "regime_model_samples": 1514,
        "regime_model": 0.471598,
        "always_bull": 0.516484,
        "ma_strategy": 0.477699,
        "random": 0.5,
        "regime_advantage": -0.044885,
        "regime_separation_score": 0.139839,
        "forward_return_gap": 0.006034
      }
    },
    "regime_counts": {
      "bull": 59,
      "bear": 378,
      "range": 307,
      "transition": 823
    }
  }
}
