{
  "bull": {
    "bull": 0.237288,
    "bear": 0.0,
    "range": 0.016949,
    "transition": 0.745763
  },
  "bear": {
    "bull": 0.0,
    "bear": 0.706349,
    "range": 0.084656,
    "transition": 0.208995
  },
  "range": {
    "bull": 0.016287,
    "bear": 0.120521,
    "range": 0.429967,
    "transition": 0.433225
  },
  "transition": {
    "bull": 0.047445,
    "bear": 0.090024,
    "range": 0.172749,
    "transition": 0.689782
  }
}
